{"cameraMode":{"drawMode":0,"name":"Shaded","section":"Shading Mode"},"sceneLighting":true,"audioPlay":false,"sceneViewState":{"m_AlwaysRefresh":false,"showFog":true,"showSkybox":true,"showFlares":true,"showImageEffects":true,"showParticleSystems":true,"showVisualEffectGraphs":true,"m_FxEnabled":true},"in2DMode":false,"pivot":{"x":32.44552230834961,"y":-613.3868408203125,"z":159.71885681152345},"rotation":{"x":-0.6274902820587158,"y":0.0007156167412176728,"z":-0.000496082822792232,"w":-0.7786522507667542},"size":343.355712890625,"orthographic":false}