{"cameraMode":{"drawMode":0,"name":"Shaded","section":"Shading Mode"},"sceneLighting":false,"audioPlay":false,"sceneViewState":{"m_AlwaysRefresh":false,"showFog":true,"showSkybox":false,"showFlares":true,"showImageEffects":true,"showParticleSystems":true,"showVisualEffectGraphs":true,"m_FxEnabled":true},"in2DMode":false,"pivot":{"x":30.522289276123048,"y":1.8552939891815186,"z":28.665447235107423},"rotation":{"x":0.21505393087863923,"y":0.6677610278129578,"z":-0.21095965802669526,"w":0.6807079911231995},"size":1.1254079341888428,"orthographic":false}